Отметка времени,"Есть ли у вас опыт в области ""Data Engineering""?",Как долго вы работаете в сфере обработки и анализа данных?,Насколько вы знакомы с концепцией Data Mesh?,"Оцените утверждение: ""Data Mesh представляет собой эволюцию традиционных централизованных моделей хранения и обработки данных.""",Какие из следующих ключевых принципов Data Mesh вы считаете наиболее важными?,Оцените по шкале важность каждого из нижеперечисленных аспектов для успешного внедрения Data Mesh: [Организационная культура],Оцените по шкале важность каждого из нижеперечисленных аспектов для успешного внедрения Data Mesh: [Технологическая инфраструктура],Оцените по шкале важность каждого из нижеперечисленных аспектов для успешного внедрения Data Mesh: [Компетенции специалистов],Оцените по шкале важность каждого из нижеперечисленных аспектов для успешного внедрения Data Mesh: [Финансовые ресурсы],Ранжируйте следующие факторы по степени влияния на успешное внедрение Data Mesh (от наиболее значимого - 1 к наименее значимому - 4): [Техническая интеграция],Ранжируйте следующие факторы по степени влияния на успешное внедрение Data Mesh (от наиболее значимого - 1 к наименее значимому - 4): [Организационные изменения],Ранжируйте следующие факторы по степени влияния на успешное внедрение Data Mesh (от наиболее значимого - 1 к наименее значимому - 4): [Управление качеством данных],Ранжируйте следующие факторы по степени влияния на успешное внедрение Data Mesh (от наиболее значимого - 1 к наименее значимому - 4): [Поддержка руководства],"Используете ли вы на практике подходы, соответствующие принципам Data Mesh?",Какой аспект Data Mesh вы считаете наиболее проблематичным при его внедрении?,"Насколько, по вашему мнению, Data Mesh способствует повышению гибкости масштабирования и оперативности принятия решений?","Опишите, каким образом внедрение Data Mesh может повлиять на эффективность аналитической работы в вашей организации.","Какие технологии или инструменты, по вашему мнению, наиболее эффективно поддерживают принципы Data Mesh? (Выберите все применимые варианты и, при наличии, добавьте свои предложения)","Какой аспект Data Mesh, на ваш взгляд, требует наибольшего внимания в дальнейших исследованиях?","Какие научные исследования или методологии, по вашему мнению, могут дополнительно обосновать применение принципов Data Mesh? Вы можете указать свой пример."
22.03.2025 17:01:38,Начальный уровень,1-2 года,3,4,Самообслуживающая инфраструктура данных,4,3,4,5,3,2,3,1,"Нет, но рассматриваю возможность внедрения",Организационные барьеры,3,Организация аналитики расписания в различных корпусах и отделениях учебной организации ,LakeFS,"Методология внедрения, Оценка экономической эффективности","Дизайн-ориентированные исследования (Design Science Research), Сравнительный анализ архитектур данных, Методы системного моделирования и симуляции, Экономический анализ и оценка ROI, Интеграция методологий Agile и DevOps"
22.03.2025 17:02:09,Эксперт,Более 5 лет,5,5,"Децентрализация владения данными, Доменно-ориентированная архитектура, Самообслуживающая инфраструктура данных, Продуктовое мышление в управлении данными",3,3,3,3,3,3,3,3,"Да, активно использую",Обеспечение безопасности и контроля доступа,5,,"Apache Kafka, dbt, Snowflake","Методология внедрения, Измерение влияния на бизнес-процессы, Организационные изменения, Технические инновации и решения, Оценка экономической эффективности","Дизайн-ориентированные исследования (Design Science Research), Эмпирические исследования (опросы и интервью), Экономический анализ и оценка ROI, Интеграция методологий Agile и DevOps"
22.03.2025 17:03:32,Продвинутый уровень,1-2 года,4,4,"Доменно-ориентированная архитектура, Самообслуживающая инфраструктура данных",3,2,3,2,3,3,2,3,Пробовал(а) в пилотных проектах,Обеспечение безопасности и контроля доступа,4,,"Apache Kafka, Apache Airflow, Snowflake","Измерение влияния на бизнес-процессы, Организационные изменения, Технические инновации и решения","Дизайн-ориентированные исследования (Design Science Research), Методы системного моделирования и симуляции, Экономический анализ и оценка ROI, Интеграция методологий Agile и DevOps"
22.03.2025 17:04:11,Средний уровень,Менее 1 года,2,5,Децентрализация владения данными,2,5,3,1,1,4,3,2,Пробовал(а) в пилотных проектах,Управление качеством данных,5,,"Apache Airflow, Snowflake, Databricks","Методология внедрения, Измерение влияния на бизнес-процессы, Организационные изменения, Технические инновации и решения, Оценка экономической эффективности","Кейс-стадии и полевые исследования, Эмпирические исследования (опросы и интервью), Методы системного моделирования и симуляции"
22.03.2025 17:04:21,Начальный уровень,1-2 года,2,4,Децентрализация владения данными,2,3,3,4,3,2,3,2,Пробовал(а) в пилотных проектах,Финансирование и ROI,3,,"Apache Airflow, Snowflake, Databricks","Организационные изменения, Технические инновации и решения","Кейс-стадии и полевые исследования, Методы системного моделирования и симуляции, Интеграция методологий Agile и DevOps"
22.03.2025 17:04:23,Средний уровень,1-2 года,4,5,"Децентрализация владения данными, Самообслуживающая инфраструктура данных",2,3,3,3,2,3,3,3,Пробовал(а) в пилотных проектах,Управление качеством данных,4,Это значительно упростит и поможет упорядочить уже имеющиеся на практике процессы и откроет возможности для новых инициатив ,"Apache Kafka, dbt, Databricks","Методология внедрения, Организационные изменения, Технические инновации и решения","Дизайн-ориентированные исследования (Design Science Research), Сравнительный анализ архитектур данных, Методы системного моделирования и симуляции, Интеграция методологий Agile и DevOps, Методы статистического анализа больших данных"
22.03.2025 17:06:51,Начальный уровень,Менее 1 года,1,5,"Децентрализация владения данными, Доменно-ориентированная архитектура",4,5,5,4,3,2,3,2,"Нет, но рассматриваю возможность внедрения",Организационные барьеры,5,"ускорение анализа, адаптивность, повышение качества данных ","Apache Airflow, Databricks","Измерение влияния на бизнес-процессы, Технические инновации и решения","Дизайн-ориентированные исследования (Design Science Research), Сравнительный анализ архитектур данных, Методы системного моделирования и симуляции, Интеграция методологий Agile и DevOps"
22.03.2025 17:08:39,Средний уровень,1-2 года,4,3,"Самообслуживающая инфраструктура данных, Продуктовое мышление в управлении данными",4,3,4,5,3,2,3,4,"Да, активно использую",Обеспечение безопасности и контроля доступа,4,Интересным,"Apache Kafka, Apache Airflow, Databricks","Измерение влияния на бизнес-процессы, Оценка экономической эффективности","Сравнительный анализ архитектур данных, Эмпирические исследования (опросы и интервью), Методы статистического анализа больших данных"
22.03.2025 17:09:10,Продвинутый уровень,3-5 лет,4,5,"Доменно-ориентированная архитектура, Самообслуживающая инфраструктура данных",,2,,,,,1,,Пробовал(а) в пилотных проектах,Финансирование и ROI,2,,"Apache Kafka, Databricks","Измерение влияния на бизнес-процессы, Технические инновации и решения","Сравнительный анализ архитектур данных, Экономический анализ и оценка ROI, Методы статистического анализа больших данных"
22.03.2025 17:09:53,Нет опыта,Менее 1 года,1,3,"Доменно-ориентированная архитектура, Самообслуживающая инфраструктура данных, Продуктовое мышление в управлении данными",4,3,2,3,3,2,2,3,"Нет, но рассматриваю возможность внедрения",Обеспечение безопасности и контроля доступа,2,,"Apache Kafka, Apache Airflow","Измерение влияния на бизнес-процессы, Организационные изменения","Эмпирические исследования (опросы и интервью), Методы системного моделирования и симуляции"
22.03.2025 17:10:54,Начальный уровень,Менее 1 года,3,3,"Доменно-ориентированная архитектура, Самообслуживающая инфраструктура данных, Продуктовое мышление в управлении данными",2,2,3,3,4,3,4,3,"Нет, но рассматриваю возможность внедрения",Обеспечение безопасности и контроля доступа,4,"Я считаю, что все познается непосредственно во время рабочего процесса. Как только внедрение Data Mesh станет не просто предположением, а конкретно начнет работать, мы, как специалисты, сможем прощупать нововведение и оценить его дальнейшие перспективы","dbt, Apache Airflow, Databricks","Методология внедрения, Организационные изменения, Технические инновации и решения","Сравнительный анализ архитектур данных, Кейс-стадии и полевые исследования, Экономический анализ и оценка ROI, Методы статистического анализа больших данных"
22.03.2025 17:11:03,Средний уровень,3-5 лет,4,3,"Доменно-ориентированная архитектура, Самообслуживающая инфраструктура данных",2,3,4,3,3,1,4,2,"Нет, но рассматриваю возможность внедрения",Организационные барьеры,2,,"Apache Kafka, Apache Airflow, Snowflake","Измерение влияния на бизнес-процессы, Технические инновации и решения","Дизайн-ориентированные исследования (Design Science Research), Кейс-стадии и полевые исследования, Методы системного моделирования и симуляции, Интеграция методологий Agile и DevOps"
22.03.2025 17:11:42,Начальный уровень,Более 5 лет,2,4,"Децентрализация владения данными, Продуктовое мышление в управлении данными",2,3,3,3,4,4,3,3,"Нет, но рассматриваю возможность внедрения",Управление качеством данных,3,Хорошим,"Apache Kafka, Apache Airflow","Измерение влияния на бизнес-процессы, Технические инновации и решения","Кейс-стадии и полевые исследования, Методы системного моделирования и симуляции, Методы статистического анализа больших данных"
22.03.2025 17:11:42,Начальный уровень,1-2 года,2,2,"Децентрализация владения данными, Доменно-ориентированная архитектура, Самообслуживающая инфраструктура данных",4,2,1,2,4,2,3,2,"Нет, но рассматриваю возможность внедрения",Обеспечение безопасности и контроля доступа,3,,"dbt, Apache Airflow, Databricks","Методология внедрения, Организационные изменения, Технические инновации и решения","Дизайн-ориентированные исследования (Design Science Research), Кейс-стадии и полевые исследования, Методы системного моделирования и симуляции"
22.03.2025 17:12:21,Эксперт,Более 5 лет,3,5,"Доменно-ориентированная архитектура, Продуктовое мышление в управлении данными",5,5,5,5,4,4,4,4,"Да, активно использую",Технические сложности интеграции,4,Отличным,"dbt, Databricks","Измерение влияния на бизнес-процессы, Организационные изменения","Методы системного моделирования и симуляции, Экономический анализ и оценка ROI"
22.03.2025 17:12:23,Продвинутый уровень,3-5 лет,3,3,"Доменно-ориентированная архитектура, Самообслуживающая инфраструктура данных",3,2,3,3,4,2,3,3,Пробовал(а) в пилотных проектах,Финансирование и ROI,4,,"Apache Kafka, Apache Airflow, Databricks","Методология внедрения, Технические инновации и решения","Дизайн-ориентированные исследования (Design Science Research), Кейс-стадии и полевые исследования, Эмпирические исследования (опросы и интервью), Методы системного моделирования и симуляции"
22.03.2025 17:12:59,Средний уровень,1-2 года,2,2,Самообслуживающая инфраструктура данных,5,4,5,2,4,3,2,1,"Нет, но рассматриваю возможность внедрения",Обеспечение безопасности и контроля доступа,5,,Databricks,"Методология внедрения, Оценка экономической эффективности","Методы системного моделирования и симуляции, Методы статистического анализа больших данных"
22.03.2025 17:13:01,Нет опыта,Менее 1 года,2,2,Доменно-ориентированная архитектура,3,3,4,3,4,2,2,2,"Нет, но рассматриваю возможность внедрения",Управление качеством данных,2,,"dbt, Databricks","Методология внедрения, Организационные изменения",Интеграция методологий Agile и DevOps
22.03.2025 17:13:35,Начальный уровень,1-2 года,3,3,Доменно-ориентированная архитектура,4,3,4,3,2,4,3,3,"Нет, но рассматриваю возможность внедрения",Управление качеством данных,2,Чудесным,"dbt, Databricks",Организационные изменения,"Эмпирические исследования (опросы и интервью), Экономический анализ и оценка ROI"
22.03.2025 17:13:44,Продвинутый уровень,3-5 лет,4,4,Доменно-ориентированная архитектура,4,2,2,3,3,,3,3,"Нет, но рассматриваю возможность внедрения",Управление качеством данных,3,,"Apache Airflow, Databricks","Измерение влияния на бизнес-процессы, Технические инновации и решения","Кейс-стадии и полевые исследования, Методы системного моделирования и симуляции, Интеграция методологий Agile и DevOps"
22.03.2025 17:14:06,Продвинутый уровень,Более 5 лет,4,3,"Доменно-ориентированная архитектура, Самообслуживающая инфраструктура данных, Продуктовое мышление в управлении данными",3,4,5,5,4,4,4,4,"Нет, но рассматриваю возможность внедрения",Финансирование и ROI,5,,"dbt, Snowflake, Databricks","Организационные изменения, Технические инновации и решения, Оценка экономической эффективности","Дизайн-ориентированные исследования (Design Science Research), Экономический анализ и оценка ROI, Интеграция методологий Agile и DevOps, Методы статистического анализа больших данных"
22.03.2025 17:14:34,Эксперт,Более 5 лет,3,5,"Децентрализация владения данными, Доменно-ориентированная архитектура, Самообслуживающая инфраструктура данных, Продуктовое мышление в управлении данными",5,5,5,5,4,4,4,4,"Да, активно использую",Управление качеством данных,5,,"Apache Kafka, dbt, Apache Airflow, Snowflake, Databricks","Методология внедрения, Измерение влияния на бизнес-процессы, Организационные изменения, Технические инновации и решения","Эмпирические исследования (опросы и интервью), Методы системного моделирования и симуляции, Интеграция методологий Agile и DevOps"
22.03.2025 17:15:10,Продвинутый уровень,3-5 лет,4,4,"Самообслуживающая инфраструктура данных, Продуктовое мышление в управлении данными",4,3,4,2,4,2,3,4,Пробовал(а) в пилотных проектах,Организационные барьеры,4,,"Snowflake, Databricks","Организационные изменения, Технические инновации и решения, Оценка экономической эффективности","Эмпирические исследования (опросы и интервью), Методы системного моделирования и симуляции, Интеграция методологий Agile и DevOps"
22.03.2025 17:16:00,Средний уровень,3-5 лет,3,3,"Децентрализация владения данными, Доменно-ориентированная архитектура, Самообслуживающая инфраструктура данных",3,2,2,3,3,2,3,4,Пробовал(а) в пилотных проектах,Обеспечение безопасности и контроля доступа,3,,"Apache Airflow, Snowflake, Databricks","Организационные изменения, Оценка экономической эффективности","Эмпирические исследования (опросы и интервью), Методы системного моделирования и симуляции, Экономический анализ и оценка ROI"
22.03.2025 17:16:15,Продвинутый уровень,3-5 лет,3,4,"Доменно-ориентированная архитектура, Самообслуживающая инфраструктура данных",3,2,2,2,2,3,2,3,"Нет, но рассматриваю возможность внедрения",Технические сложности интеграции,3,,"Apache Kafka, Apache Airflow, Snowflake","Измерение влияния на бизнес-процессы, Оценка экономической эффективности","Дизайн-ориентированные исследования (Design Science Research), Сравнительный анализ архитектур данных, Эмпирические исследования (опросы и интервью), Интеграция методологий Agile и DevOps"
22.03.2025 17:16:50,Средний уровень,3-5 лет,3,2,"Доменно-ориентированная архитектура, Продуктовое мышление в управлении данными",2,2,1,2,3,2,3,2,Нет и не планирую внедрение,Финансирование и ROI,4,,"dbt, Apache Airflow","Измерение влияния на бизнес-процессы, Технические инновации и решения","Кейс-стадии и полевые исследования, Методы системного моделирования и симуляции, Интеграция методологий Agile и DevOps"
22.03.2025 17:17:28,Средний уровень,1-2 года,3,4,"Децентрализация владения данными, Доменно-ориентированная архитектура",3,2,2,3,1,2,3,2,"Нет, но рассматриваю возможность внедрения",Технические сложности интеграции,4,,"Apache Kafka, dbt, Apache Airflow","Измерение влияния на бизнес-процессы, Организационные изменения","Дизайн-ориентированные исследования (Design Science Research), Сравнительный анализ архитектур данных, Кейс-стадии и полевые исследования, Методы статистического анализа больших данных"
22.03.2025 17:19:34,Продвинутый уровень,3-5 лет,4,2,Доменно-ориентированная архитектура,1,3,4,1,3,,1,,"Нет, но рассматриваю возможность внедрения",Организационные барьеры,3,,"Apache Airflow, Snowflake, Databricks","Измерение влияния на бизнес-процессы, Организационные изменения","Дизайн-ориентированные исследования (Design Science Research), Сравнительный анализ архитектур данных, Кейс-стадии и полевые исследования"
22.03.2025 17:20:56,Средний уровень,1-2 года,4,4,"Доменно-ориентированная архитектура, Самообслуживающая инфраструктура данных",4,5,5,5,4,3,4,3,Пробовал(а) в пилотных проектах,Организационные барьеры,5,,"dbt, Snowflake, Databricks","Методология внедрения, Технические инновации и решения, Оценка экономической эффективности","Дизайн-ориентированные исследования (Design Science Research), Кейс-стадии и полевые исследования, Экономический анализ и оценка ROI, Интеграция методологий Agile и DevOps, Методы статистического анализа больших данных"
22.03.2025 17:22:19,Начальный уровень,Менее 1 года,2,4,"Децентрализация владения данными, Самообслуживающая инфраструктура данных, Продуктовое мышление в управлении данными",4,5,5,5,4,4,4,4,Пробовал(а) в пилотных проектах,Организационные барьеры,5,,"Apache Kafka, dbt, Apache Airflow","Измерение влияния на бизнес-процессы, Организационные изменения, Технические инновации и решения","Дизайн-ориентированные исследования (Design Science Research), Кейс-стадии и полевые исследования, Экономический анализ и оценка ROI, Интеграция методологий Agile и DevOps, Методы статистического анализа больших данных"
22.03.2025 17:28:46,Начальный уровень,Менее 1 года,1,3,"Децентрализация владения данными, Доменно-ориентированная архитектура, Самообслуживающая инфраструктура данных, Продуктовое мышление в управлении данными",2,3,2,1,1,2,1,3,"Нет, но рассматриваю возможность внедрения",Финансирование и ROI,3,,"Apache Kafka, dbt, Apache Airflow, Snowflake, Databricks","Методология внедрения, Измерение влияния на бизнес-процессы, Оценка экономической эффективности","Дизайн-ориентированные исследования (Design Science Research), Эмпирические исследования (опросы и интервью), Методы системного моделирования и симуляции"
22.03.2025 18:04:26,Начальный уровень,Менее 1 года,2,3,"Доменно-ориентированная архитектура, Самообслуживающая инфраструктура данных",3,4,5,5,4,4,4,4,"Нет, но рассматриваю возможность внедрения",Организационные барьеры,4,,"dbt, Snowflake, Databricks","Методология внедрения, Технические инновации и решения","Эмпирические исследования (опросы и интервью), Экономический анализ и оценка ROI, Интеграция методологий Agile и DevOps"
22.03.2025 18:04:51,Нет опыта,1-2 года,1,3,"Доменно-ориентированная архитектура, Продуктовое мышление в управлении данными",4,5,3,2,4,2,3,1,Нет и не планирую внедрение,Организационные барьеры,4,,"Apache Kafka, Snowflake","Методология внедрения, Технические инновации и решения","Дизайн-ориентированные исследования (Design Science Research), Эмпирические исследования (опросы и интервью), Экономический анализ и оценка ROI"
22.03.2025 18:06:09,Средний уровень,1-2 года,4,3,Доменно-ориентированная архитектура,3,5,5,4,3,3,4,4,Пробовал(а) в пилотных проектах,Финансирование и ROI,4,,"Apache Kafka, dbt, Apache Airflow","Методология внедрения, Технические инновации и решения, Оценка экономической эффективности","Дизайн-ориентированные исследования (Design Science Research), Кейс-стадии и полевые исследования, Эмпирические исследования (опросы и интервью), Методы системного моделирования и симуляции, Методы статистического анализа больших данных"
22.03.2025 18:11:57,Нет опыта,Менее 1 года,2,5,"Самообслуживающая инфраструктура данных, Продуктовое мышление в управлении данными",3,2,2,3,3,3,3,3,"Нет, но рассматриваю возможность внедрения",Обеспечение безопасности и контроля доступа,5,,,,
22.03.2025 18:44:37,Нет опыта,Менее 1 года,1,2,Децентрализация владения данными,3,2,1,4,2,4,1,3,Нет и не планирую внедрение,Финансирование и ROI,2,,dbt,"Методология внедрения, Измерение влияния на бизнес-процессы, Технические инновации и решения","Сравнительный анализ архитектур данных, Методы системного моделирования и симуляции, Методы статистического анализа больших данных"
22.03.2025 18:47:28,Нет опыта,Менее 1 года,1,4,"Децентрализация владения данными, Самообслуживающая инфраструктура данных",2,2,3,3,3,2,3,2,Нет и не планирую внедрение,Технические сложности интеграции,3,Облегчит масштабируемость ,Apache Airflow,Технические инновации и решения,"Сравнительный анализ архитектур данных, Кейс-стадии и полевые исследования"
23.03.2025 7:13:08,Нет опыта,Менее 1 года,1,4,"Самообслуживающая инфраструктура данных, Продуктовое мышление в управлении данными",5,5,5,5,3,2,4,1,Нет и не планирую внедрение,Обеспечение безопасности и контроля доступа,5,,Databricks,"Организационные изменения, Технические инновации и решения","Кейс-стадии и полевые исследования, Эмпирические исследования (опросы и интервью), Методы системного моделирования и симуляции"
23.03.2025 8:00:48,Нет опыта,Менее 1 года,1,3,Самообслуживающая инфраструктура данных,4,4,4,4,3,3,3,3,Нет и не планирую внедрение,Управление качеством данных,3,Не знаю ,Databricks,Измерение влияния на бизнес-процессы,Сравнительный анализ архитектур данных